date,month,day_of_year,temperature_c,humidity_pct,wind_speed_kmh,precipitation_mm,cloud_cover_pct,pressure_hpa,will_rain_tomorrow
01-01-2021,1,1,8.8,79,2.5,0,54,1004,0
02-01-2021,1,2,6.9,80.2,17.5,0,44,1001.1,0
03-01-2021,1,3,9.4,63.6,14.4,0,57.3,1016.3,0
04-01-2021,1,4,12,86.8,7.1,0,57.6,1002,0
05-01-2021,1,5,6.8,82.2,17.1,0,79.9,1009,0
06-01-2021,1,6,6.9,87.3,12.7,0,52.4,1012.5,0
07-01-2021,1,7,12.4,56.1,39.4,0,34.1,1021,0
08-01-2021,1,8,10.1,95.9,10.7,0,48.3,1008.4,0
09-01-2021,1,9,6.4,78,5.3,0,59.1,1021.9,0
10-01-2021,1,10,9.6,87.9,17.7,0,64.9,1020.5,0
11-01-2021,1,11,6.6,70.6,9.7,0,25.8,1004.4,1
12-01-2021,1,12,6.7,83.7,12.5,3.5,73.8,1022,0
13-01-2021,1,13,8.9,70.3,3.9,0,36.5,1010.7,1
14-01-2021,1,14,2.6,73.6,19.3,4,61.5,1009,0
15-01-2021,1,15,3.2,93.8,8.5,0,62.7,1010.8,1
16-01-2021,1,16,6.8,76.9,15.3,4.4,81.2,1013,1
17-01-2021,1,17,5.6,80,45.8,3.9,59.8,1009.7,0
18-01-2021,1,18,9.7,85.1,10.3,0,47.6,1006.3,0
19-01-2021,1,19,6.1,82,21.2,0,42,1007,1
20-01-2021,1,20,4.7,79.1,10.8,5.6,100,1014.1,0
21-01-2021,1,21,13.5,80.7,7.2,0,54.2,1011.7,1
22-01-2021,1,22,8.6,96.8,30.2,5,57.4,1017.2,1
23-01-2021,1,23,9.6,77,1.7,0.5,89.8,1013.4,0
24-01-2021,1,24,5.2,78.9,25,0,70.4,1013.6,0
25-01-2021,1,25,8,85.6,1.5,0,76.9,1017.7,1
26-01-2021,1,26,10.1,85.9,23.3,1.4,100,1024.4,0
27-01-2021,1,27,6.5,86.4,12.6,0,60.6,1024.7,1
28-01-2021,1,28,11.2,81.8,5.4,11.6,64.8,,0
29-01-2021,1,29,8.4,67.4,9,0,47,1020,0
30-01-2021,1,30,9.5,89.4,20.4,0,45.6,1029.7,0
31-01-2021,1,31,8.7,67,43.1,0,43.9,1016.5,0
01-02-2021,2,32,16.3,78.5,2.6,0,68.6,1015.6,0
02-02-2021,2,33,10.8,69.8,5.7,0,50,1031,0
03-02-2021,2,34,7.9,75.2,3.5,0,64.6,991.2,1
04-02-2021,2,35,13.7,78.1,10.8,11.9,80.1,1011.3,0
05-02-2021,2,36,7.7,77.9,23.7,0,33.5,1023,0
06-02-2021,2,37,12.2,78.5,3.1,0,24.2,1020.8,1
07-02-2021,2,38,5.9,87.8,12.4,1,51.5,1033.5,1
08-02-2021,2,39,7.9,78.4,23.2,1.1,63.6,1013.9,0
09-02-2021,2,40,12.7,72.6,8.9,0,52,1009.6,0
10-02-2021,2,41,14.5,82,14.5,0,40.3,1010.3,1
11-02-2021,2,42,13,83.6,28.7,0.2,80.5,1015.5,1
12-02-2021,2,43,12.3,64.1,4.7,10.3,62.1,1026,0
13-02-2021,2,44,12,78.5,2,0,53.9,1026.1,0
14-02-2021,2,45,8.6,79.1,15.9,0,51.8,1012.6,0
15-02-2021,2,46,11.1,70.9,16.2,0,76,1015,0
16-02-2021,2,47,12.1,84.1,8.4,0,35.4,1008.1,1
17-02-2021,2,48,16.8,71.7,7,5.3,100,1008.9,0
18-02-2021,2,49,14.9,73.6,12.8,0,41.1,1021.4,0
19-02-2021,2,50,8.8,71,4.7,0,29.9,1025.8,0
20-02-2021,2,51,15.3,72.3,4.7,0,46.7,1007.4,1
21-02-2021,2,52,13.4,63.2,20.3,46.1,100,1014.9,0
22-02-2021,2,53,12.7,60.2,4.3,0,63.4,1011.1,0
23-02-2021,2,54,16.8,84.2,2.1,0,59,1019.9,0
24-02-2021,2,55,18.3,64.5,7,0,61.9,1009.9,0
25-02-2021,2,56,18.2,63.1,8.5,0,38.5,997.6,1
26-02-2021,2,57,13.1,53.6,17.5,7.6,74.9,1021,0
27-02-2021,2,58,14.9,65.4,7.6,0,50,1010.6,0
28-02-2021,2,59,17,59.7,31.9,0,77.1,1011.4,0
01-03-2021,3,60,19.2,83.2,13.3,0,48.4,1016.5,0
02-03-2021,3,61,15.1,77.9,6.2,0,44.3,1015.8,0
03-03-2021,3,62,16.2,64.1,17,0,32.5,1016.6,0
04-03-2021,3,63,13.6,87.3,31.6,0,52.1,1000,0
05-03-2021,3,64,13.6,76.9,19.9,0,54.4,1017.5,1
06-03-2021,3,65,19.9,66.2,,13.3,52,997.7,0
07-03-2021,3,66,21.7,48.6,9.1,0,56.8,1019.2,0
08-03-2021,3,67,17.7,86.7,15.1,0,53.5,1021.9,0
09-03-2021,3,68,21.1,57,19.3,0,65.2,1002.1,0
10-03-2021,3,69,19.4,54.7,10.8,0,68.2,1015.6,0
11-03-2021,3,70,16.7,75.7,9.6,0,51.4,1021.5,0
12-03-2021,3,71,19.9,86.8,39.2,0,34.5,1009.4,0
13-03-2021,3,72,23.7,78.1,20.1,0,37.5,1018.4,0
14-03-2021,3,73,19.2,71.3,17,0,76.4,990.7,0
15-03-2021,3,74,24.3,71.3,7.8,0,52.5,1021.8,1
16-03-2021,3,75,11.9,73.1,4.6,10,96.2,1013.2,1
17-03-2021,3,76,22.5,72.1,17.3,20.7,77.5,1010.9,0
18-03-2021,3,77,20.5,68,21.7,0,61.3,1020.9,1
19-03-2021,3,78,19.6,66.3,12.4,1,84.1,1026.8,1
20-03-2021,3,79,21,64.8,20.2,6,51.7,1016.9,0
21-03-2021,3,80,15,59,20.5,0,54.6,1025.9,0
22-03-2021,3,81,20.6,62.5,22.7,0,31.4,1000.6,0
23-03-2021,3,82,22.6,50.9,2.8,0,45.7,1018.3,0
24-03-2021,3,83,26.2,63.4,9.4,0,59.6,1011.9,0
25-03-2021,3,84,20.4,56.1,18,0,34.6,1006.7,0
26-03-2021,3,85,19.8,54.9,13,0,58.4,997.6,1
27-03-2021,3,86,20.9,64.9,20.6,5.4,47.5,1017.9,0
28-03-2021,3,87,25.4,74.3,17,0,67.1,1020,0
29-03-2021,3,88,23.9,70.3,1.1,0,40,,0
30-03-2021,3,89,21.6,50.1,26.4,0,34.6,1022.4,0
31-03-2021,3,90,24.9,54.5,8.4,0,28.5,1006.8,0
01-04-2021,4,91,23.9,69.7,5.9,0,41.3,1023.3,1
02-04-2021,4,92,26.8,54.1,25.8,2.8,41.4,,0
03-04-2021,4,93,22,59.9,19.5,0,41.8,1010.9,0
04-04-2021,4,94,23.4,65.8,28.3,0,66.5,1013.2,0
05-04-2021,4,95,23.4,53.4,15.2,0,47.2,1005.5,1
06-04-2021,4,96,20.4,61.8,9.3,1.1,52.3,1024.8,0
07-04-2021,4,97,25.9,50,13.9,0,53.4,1000.9,0
08-04-2021,4,98,26.1,55.6,4.9,0,52.1,1017.3,1
09-04-2021,4,99,25.5,62.7,3.4,2,99.3,1008.2,0
10-04-2021,4,100,25,47.2,7.3,0,61.9,1004.1,0
11-04-2021,4,101,21.7,63.2,34,0,54.6,998,0
12-04-2021,4,102,24.9,59.3,8,0,63.6,1011.3,0
13-04-2021,4,103,25.4,63.6,2.2,0,48,1002.9,0
14-04-2021,4,104,24.2,60.8,11.1,0,48.9,1013.5,0
15-04-2021,4,105,26.4,69.7,7.9,0,74.9,1027.2,0
16-04-2021,4,106,28.3,59.5,26.7,0,25.5,1014.6,1
17-04-2021,4,107,32.9,54.8,32.4,11.8,84.5,1029,0
18-04-2021,4,108,28,59,8.9,0,48.3,1005.1,1
19-04-2021,4,109,28.5,62.2,15.2,15.4,65.6,1002.8,1
20-04-2021,4,110,27.7,58,16.1,9.2,61.7,1004.8,0
21-04-2021,4,111,22.4,57.7,12,0,52.3,1012.5,0
22-04-2021,4,112,28.2,51.5,10.4,0,49.3,1034.8,0
23-04-2021,4,113,28.7,51.6,5.5,0,43.8,999.7,0
24-04-2021,4,114,36.1,45.5,1.8,0,39.5,1018,0
25-04-2021,4,115,28.4,70.5,5.5,0,21.4,1007.4,1
26-04-2021,4,116,30,46.3,11.7,2.1,59.1,1011.2,0
27-04-2021,4,117,29.2,50.5,3.1,0,42.3,1002.9,0
28-04-2021,4,118,26,50.1,14.6,0,52.3,1020,0
29-04-2021,4,119,33.1,62.8,,0,79.4,1012.6,0
30-04-2021,4,120,32.2,53.1,7.9,0,40.8,1021.7,0
01-05-2021,5,121,32.5,65.3,10,0,34.6,1014.4,0
02-05-2021,5,122,27.5,49.7,3.7,0,39.3,997.5,1
03-05-2021,5,123,34.7,57.1,22.4,12.6,72.3,1021.8,0
04-05-2021,5,124,26.4,48,22.1,0,58.8,996.9,0
05-05-2021,5,125,32.6,71.7,4.4,0,60.9,998,0
06-05-2021,5,126,37.5,44.8,4.5,0,62.4,,1
07-05-2021,5,127,28.2,56.6,5.6,0.2,84.5,1005.8,0
08-05-2021,5,128,29.6,59,18.6,0,45.8,1024.2,1
09-05-2021,5,129,31.8,57.1,16.1,3.6,100,1011.6,0
10-05-2021,5,130,30.1,52.1,25.6,0,44.7,1023,0
11-05-2021,5,131,27.1,52.4,27.6,0,51.6,1008.5,1
12-05-2021,5,132,32.1,53.6,2.8,18.6,89.4,1015.5,0
13-05-2021,5,133,28.9,52,18.2,0,58.5,1016.8,1
14-05-2021,5,134,33.6,60.7,26.9,0.1,36.4,,0
15-05-2021,5,135,29.6,70.5,9.5,0,50.1,1009.3,0
16-05-2021,5,136,37.2,48.2,12.3,0,62.9,1010,1
17-05-2021,5,137,30.3,41.6,10.9,8.9,49.8,1010.6,1
18-05-2021,5,138,31.8,51.7,11.3,17.5,81.3,999.8,0
19-05-2021,5,139,35.3,72.9,22.3,0,55.9,1012.3,1
20-05-2021,5,140,29.3,45.7,38.2,7.5,87.8,1009.9,1
21-05-2021,5,141,33.8,65.1,31.2,1.7,59.6,1017.6,0
22-05-2021,5,142,37.2,65.3,8.2,0,64.9,1013.7,0
23-05-2021,5,143,28.6,47.3,15.2,0,52.4,1023.7,0
24-05-2021,5,144,34,56.2,6.3,0,76.5,1013.6,1
25-05-2021,5,145,34.4,64.5,6.9,5.5,100,1008.5,1
26-05-2021,5,146,36,48.4,11.9,0.7,93.1,1013.5,1
27-05-2021,5,147,30.1,49.7,6.8,6.6,77.2,1018.8,1
28-05-2021,5,148,29.9,46.5,7.7,5.6,100,998.8,0
29-05-2021,5,149,35.6,43,15,0,59.1,1007.3,0
30-05-2021,5,150,35,45.8,18,0,36.4,1007.4,1
31-05-2021,5,151,34.9,41.1,17.6,3.3,69.4,1016.3,0
01-06-2021,6,152,35.3,51.1,17.8,0,61.4,1017.2,0
02-06-2021,6,153,32.3,44.6,3.9,0,62.4,1013.8,0
03-06-2021,6,154,35.1,52.5,6.5,0,33.1,993.2,0
04-06-2021,6,155,35.3,38.1,12.9,0,33.6,999.8,0
05-06-2021,6,156,32.4,53.2,26,0,44.9,1011.1,1
06-06-2021,6,157,40.2,57.1,52.2,3.6,78,1009,1
07-06-2021,6,158,36.1,34.4,15.7,0.4,79.9,1013,0
08-06-2021,6,159,31.1,53.3,,0,52.1,1009.2,1
09-06-2021,6,160,36.7,60.1,3.5,24.8,57.5,1025.3,0
10-06-2021,6,161,31.9,40.6,20.5,0,76.1,994.6,0
11-06-2021,6,162,37.2,63.6,43.4,0,33.9,1015.4,0
12-06-2021,6,163,38.3,53.5,6.4,0,69.5,1019.6,0
13-06-2021,6,164,32.4,44.5,7.9,0,61.1,1018.6,0
14-06-2021,6,165,37.8,49.6,22.8,0,69.2,1019.3,0
15-06-2021,6,166,36.2,54.5,12.7,0,43.3,1020.4,0
16-06-2021,6,167,37.4,50.6,1.6,0,47.9,1008.2,1
17-06-2021,6,168,40.7,54.3,8.3,6.6,70.8,1004.2,0
18-06-2021,6,169,34.3,42.6,32.3,0,42.9,996.7,1
19-06-2021,6,170,32.7,51.4,10,4.4,73.4,1010.1,0
20-06-2021,6,171,32.3,38.7,10,0,73.7,1006.8,0
21-06-2021,6,172,32.6,49.1,21.8,0,30.5,1022.3,0
22-06-2021,6,173,34.8,42.8,16.1,0,40.1,1010.7,0
23-06-2021,6,174,36,44.1,9.6,0,38.5,1004.8,0
24-06-2021,6,175,35.8,59.9,7.5,0,48.6,1003.5,0
25-06-2021,6,176,37.4,58.8,68.3,0,48,1028.9,1
26-06-2021,6,177,35,54.9,28.8,20.2,81.6,1012.8,0
27-06-2021,6,178,39.3,41.4,17.8,0,50.5,1006.7,0
28-06-2021,6,179,34.1,47.6,18.6,0,54.5,1014,0
29-06-2021,6,180,43,59.9,11.3,0,56,1028.2,0
30-06-2021,6,181,36.7,51.3,16,0,53.7,1009.9,1
01-07-2021,7,182,32.2,68.8,10.4,22.8,80.5,,0
02-07-2021,7,183,31.5,53.5,5.9,0,48.2,1022.5,0
03-07-2021,7,184,36.1,51.9,16.4,0,74.7,997.9,0
04-07-2021,7,185,33.9,47.9,9.7,0,88.1,1007.9,1
05-07-2021,7,186,36.7,51.5,17,4.2,80.6,1021.5,0
06-07-2021,7,187,35.9,49.3,19.3,0,53.4,1007.4,0
07-07-2021,7,188,34.2,56.3,17.7,0,59.4,1016.3,1
08-07-2021,7,189,31.8,58.3,5.5,1.7,53.5,1006.9,0
09-07-2021,7,190,29.7,44.5,8.9,0,52.7,1009.4,0
10-07-2021,7,191,32.9,40.2,9.9,0,39,1008.5,0
11-07-2021,7,192,36.7,36.3,24.5,0,57.6,1018.1,0
12-07-2021,7,193,34.7,55.1,23.7,0,39.1,1014.6,0
13-07-2021,7,194,30.2,42.3,6.8,0,44.8,1013.8,0
14-07-2021,7,195,34.4,34,3.8,0,21.9,1033.1,0
15-07-2021,7,196,34.9,54.4,53.8,0,32.4,1026.9,1
16-07-2021,7,197,31,71.4,17.2,1,75.3,997.2,1
17-07-2021,7,198,34,51.5,3.3,2.3,57,1009.5,0
18-07-2021,7,199,33.6,58.4,7.8,0,66,1032.4,0
19-07-2021,7,200,29.9,52.5,25.2,0,35.7,1008.4,1
20-07-2021,7,201,34.3,51.1,45.6,6.1,76.8,1029.7,0
21-07-2021,7,202,34.8,59.4,40.8,0,38.6,1009.6,0
22-07-2021,7,203,36.2,49.9,16.7,0,55.8,1011.1,1
23-07-2021,7,204,36,54.5,12.5,13.2,47,1019.9,0
24-07-2021,7,205,28.6,55,5,0,43.2,1012.3,1
25-07-2021,7,206,29.8,47.3,13.3,1,57.3,,0
26-07-2021,7,207,34,60.7,5.7,0,63.2,1025.6,0
27-07-2021,7,208,33.8,51.5,9,0,56.9,1019.1,0
28-07-2021,7,209,33.7,47,,0,31.5,1014.1,1
29-07-2021,7,210,43.6,57.5,10.4,2.9,67,1026.4,0
30-07-2021,7,211,33.6,46.2,9.8,0,38.4,1020,0
31-07-2021,7,212,35.1,53.8,12,0,64.3,1007.1,0
01-08-2021,8,213,34.4,53.6,58.9,0,69.1,1028.8,1
02-08-2021,8,214,33.3,62.6,4.5,0.3,48.4,1018.1,0
03-08-2021,8,215,30.3,57.9,15.4,0,62.4,1011.3,0
04-08-2021,8,216,33.3,54,38.4,0,37.7,996.8,0
05-08-2021,8,217,28.6,61,12,0,46.2,1002,0
06-08-2021,8,218,30,65.7,28.5,0,50.5,1026.6,0
07-08-2021,8,219,29.1,59.3,3.6,0,77.2,1026.9,0
08-08-2021,8,220,30.6,55.1,10.6,0,34.9,1013.7,1
09-08-2021,8,221,37.1,44.7,6.2,1,82.5,998.8,0
10-08-2021,8,222,24.4,46.8,11.9,0,32.4,1004.3,1
11-08-2021,8,223,31.9,53.1,12.1,5.3,51.4,1000,0
12-08-2021,8,224,24.8,50.9,13.1,0,50.4,999.7,1
13-08-2021,8,225,28,54.5,22.6,13.6,70.3,1029.2,0
14-08-2021,8,226,32.5,56.6,0.9,0,7.5,1029.5,1
15-08-2021,8,227,29.2,60.6,7.5,13.2,87.4,1004,0
16-08-2021,8,228,25.6,56,14.7,0,17.9,1012.9,0
17-08-2021,8,229,26.5,60.7,1.7,0,47.8,1002.7,1
18-08-2021,8,230,30.5,57.6,19.5,9.6,89.9,1012.9,1
19-08-2021,8,231,26,41.5,7.4,4.2,100,1026.1,1
20-08-2021,8,232,28.7,50,10.8,1.2,64.6,1021.6,0
21-08-2021,8,233,27.9,56.6,23.4,0,28.5,1019.5,0
22-08-2021,8,234,25.6,48.3,29.4,0,69.4,1011.4,0
23-08-2021,8,235,33.8,63,19.9,0,63,1023.1,1
24-08-2021,8,236,29.1,70.6,4.4,3.3,62.7,1018.2,0
25-08-2021,8,237,20.9,68.4,19.2,0,40.8,1016.2,0
26-08-2021,8,238,27.3,57.2,20.2,0,39.2,1012.1,0
27-08-2021,8,239,24.5,71,17.5,0,44.8,1015.5,0
28-08-2021,8,240,28.8,60.5,32.6,0,54.7,1015.3,1
29-08-2021,8,241,23.7,56.9,13.3,11.3,61.5,1008.7,1
30-08-2021,8,242,25.5,54.9,31.7,12.6,63.4,1006.8,1
31-08-2021,8,243,27.1,57.6,31.6,5.5,79.6,1005,1
01-09-2021,9,244,28,57.2,20.5,18,47.8,1005.5,1
02-09-2021,9,245,21.6,61.9,15.6,2.5,64.4,1011.5,1
03-09-2021,9,246,23.9,62.1,17.5,4.2,44.9,1010.2,0
04-09-2021,9,247,23.3,61.1,37.2,0,51.6,1008,0
05-09-2021,9,248,22.5,64.8,26,0,20.9,1007.4,0
06-09-2021,9,249,29.5,71.1,4.9,0,63.4,1015.3,0
07-09-2021,9,250,25.2,69.4,16.8,0,30.3,1024,0
08-09-2021,9,251,20,50.2,6,0,23.4,1012.9,1
09-09-2021,9,252,26.3,41.9,7.2,16,64.5,1012.4,0
10-09-2021,9,253,29.6,70,9.2,0,75.7,1005.5,1
11-09-2021,9,254,26.1,51.9,3.2,1.6,80.7,1011.2,0
12-09-2021,9,255,18.2,61.3,5.6,0,21.2,1022.5,0
13-09-2021,9,256,21.1,54,33.7,0,29.9,1021.3,0
14-09-2021,9,257,26.1,49.2,7.2,0,44.1,1020.7,1
15-09-2021,9,258,20,68.2,22.7,3.1,100,1020.5,1
16-09-2021,9,259,23.2,70.2,14.2,1.2,55.9,1016.5,0
17-09-2021,9,260,23.9,59.7,18.7,0,36,1016.2,1
18-09-2021,9,261,18.6,43.9,19.2,6.8,92.9,1015,0
19-09-2021,9,262,20.9,60.5,5.4,0,52.9,1009.7,0
20-09-2021,9,263,11.2,68.3,22.6,0,65.8,1013.7,0
21-09-2021,9,264,17.6,53.6,4,0,39.1,1014.7,0
22-09-2021,9,265,19.6,67.1,6.9,0,48.5,1018.1,0
23-09-2021,9,266,16.4,65.8,19,0,69.7,1013.8,1
24-09-2021,9,267,24.8,70.8,5.1,3.2,67.8,1029.8,0
25-09-2021,9,268,15.4,67.4,1.5,0,66.8,1003.3,0
26-09-2021,9,269,18.1,58.9,16.2,0,55.8,1019,0
27-09-2021,9,270,19.6,76.5,2.6,0,34.4,1012.7,1
28-09-2021,9,271,23.3,65.9,20.3,3.4,69.8,1013,0
29-09-2021,9,272,14.4,67.2,9.8,0,64.7,1006.5,0
30-09-2021,9,273,22,60.2,16,0,60,1021.2,0
01-10-2021,10,274,18.3,64.4,15.8,0,49.4,1018.2,0
02-10-2021,10,275,15.1,61.1,21.4,0,21.6,1019.7,1
03-10-2021,10,276,19.2,67.1,19.4,15.7,43.1,1014.4,0
04-10-2021,10,277,18.1,82.4,,0,26.3,1010.4,0
05-10-2021,10,278,15.5,58,10.3,0,42.3,1012.5,0
06-10-2021,10,279,17.3,56.3,16,0,44.3,1016.5,0
07-10-2021,10,280,15.7,81.2,32.1,0,27.9,997,1
08-10-2021,10,281,17,68,19.5,8.5,85.3,1020,0
09-10-2021,10,282,18.4,64.6,30.3,0,31,1032.4,0
10-10-2021,10,283,20.9,78.5,16.6,0,29.4,1016.8,0
11-10-2021,10,284,12.2,65.6,26.3,0,51.3,1010.8,0
12-10-2021,10,285,22.1,85.3,15.1,0,64.6,1011.7,0
13-10-2021,10,286,9.6,76.3,25.6,0,80.8,1018.7,0
14-10-2021,10,287,14.8,67.2,9.4,0,58.7,1010.9,1
15-10-2021,10,288,16.8,88.6,34.6,3.5,93.7,1019.9,0
16-10-2021,10,289,15.7,66.8,18,0,31.8,1011.6,0
17-10-2021,10,290,12.7,77.8,3.3,0,82.4,1026.7,0
18-10-2021,10,291,13.8,74.5,16.4,0,22.1,1026.5,0
19-10-2021,10,292,12.7,82.7,19.6,0,42.4,1010.4,0
20-10-2021,10,293,12.2,85,23.2,0,58.4,1012.4,0
21-10-2021,10,294,16.3,73,42.6,0,25.9,1012.8,0
22-10-2021,10,295,14.6,66.9,8.2,0,36.1,1012.9,1
23-10-2021,10,296,11.3,76.9,42.8,10.8,53.7,1005.4,0
24-10-2021,10,297,15.9,68,12.5,0,45.3,1004.3,1
25-10-2021,10,298,13.9,89.7,6.6,3.5,91.3,1023,0
26-10-2021,10,299,15.2,74.9,8.4,0,50.3,1021.7,1
27-10-2021,10,300,14.5,71.1,18.8,2.8,63.1,1021.6,0
28-10-2021,10,301,9.9,75.7,5.8,0,6.7,1012.4,0
29-10-2021,10,302,10.5,63.7,9.5,0,57,1028.1,0
30-10-2021,10,303,14.3,66.9,16.1,0,61.9,1012.8,0
31-10-2021,10,304,13.7,84.4,34.4,0,24.5,1019.9,0
01-11-2021,11,305,11.6,69.8,22.7,0,49,1001.9,1
02-11-2021,11,306,11.8,66.8,12.9,13.6,72.9,1011.2,0
03-11-2021,11,307,15.1,79.7,18.7,0,64.5,1011.8,0
04-11-2021,11,308,9.3,85.1,15,0,39.1,1012.5,1
05-11-2021,11,309,12.6,81.5,4.3,8.7,56.9,1002.4,0
06-11-2021,11,310,10.2,83.9,38.4,0,43.2,1018.6,0
07-11-2021,11,311,10,70.1,34.8,0,69.3,1021.2,0
08-11-2021,11,312,13.8,64.9,11.8,0,65.7,1007,1
09-11-2021,11,313,12.8,88.5,8.6,9.9,69.7,1003.8,0
10-11-2021,11,314,12.6,74,4.4,0,65.3,1006.8,1
11-11-2021,11,315,13.9,74.8,19.6,15.6,34.5,1017,1
12-11-2021,11,316,9.9,87.6,19.6,4.3,81.9,1008.2,0
13-11-2021,11,317,11.8,81.5,6.2,0,33.2,1011.9,0
14-11-2021,11,318,8.6,80.9,15.1,0,76.5,1004.4,0
15-11-2021,11,319,10.4,94.7,22.2,0,34,1028.8,1
16-11-2021,11,320,8.9,72.4,8.1,2.8,57.2,1013.6,0
17-11-2021,11,321,9.5,85.1,10.7,0,58.4,1022.2,0
18-11-2021,11,322,10.8,78.3,10.6,0,59.9,1016.9,0
19-11-2021,11,323,6.5,80.1,6.6,0,43.3,1012.7,0
20-11-2021,11,324,15.1,90.3,10.9,0,55.6,1012.3,1
21-11-2021,11,325,5.7,82.3,2.7,7.3,77.4,1007.2,0
22-11-2021,11,326,4.9,82.6,10.2,0,55.9,1009.4,0
23-11-2021,11,327,11.9,87,10.3,0,43.9,1004.9,1
24-11-2021,11,328,10.7,75.6,11.9,0.8,77.6,1004.1,1
25-11-2021,11,329,10.1,71.9,17.7,26.1,91.1,1029.7,1
26-11-2021,11,330,10,70.4,4.1,13.2,51.6,1015.2,1
27-11-2021,11,331,8,63.1,4.9,4.9,57.4,1024.7,0
28-11-2021,11,332,5.3,95.4,,0,50.4,1006.6,0
29-11-2021,11,333,8.1,70.2,3.7,0,34.2,1003,1
30-11-2021,11,334,5.8,77.4,19.2,3.4,42.9,1005.2,1
01-12-2021,12,335,10.6,77,7.8,1.4,86.4,1009.6,0
02-12-2021,12,336,7.2,81.8,12.2,0,16.6,1013.3,0
03-12-2021,12,337,5.1,85.9,6,0,44,1011.8,0
04-12-2021,12,338,6.5,86.3,9.3,0,61.4,1006.8,0
05-12-2021,12,339,8.7,74.9,15.6,0,54,1013.7,0
06-12-2021,12,340,5.7,78.2,16.2,0,44.2,1014.4,1
07-12-2021,12,341,4.9,81.9,5.1,1.5,53.5,1018.6,1
08-12-2021,12,342,8,77.7,11.7,1,75.2,1024.8,0
09-12-2021,12,343,8,92.6,6,0,35.2,1010.1,0
10-12-2021,12,344,5.7,83.7,11.4,0,54,1022.7,0
11-12-2021,12,345,5.7,85.7,7.3,0,52.1,1013.5,0
12-12-2021,12,346,7.8,85.2,40,0,52.3,1000.8,0
13-12-2021,12,347,2.8,89.3,22.2,0,40.4,1027.3,1
14-12-2021,12,348,2.8,81.4,16.7,0.6,100,1031.2,0
15-12-2021,12,349,4.9,69.6,10,0,55.4,1018,1
16-12-2021,12,350,6.4,83.2,22.6,4.2,65.8,1013.7,1
17-12-2021,12,351,7.9,74.8,12,2.7,74,1010.8,0
18-12-2021,12,352,11.4,75.8,37.3,0,38.4,1009.3,0
19-12-2021,12,353,9.6,84.7,24.2,0,44.2,1022.7,0
20-12-2021,12,354,6.5,89.9,9.3,0,85.9,1012.9,0
21-12-2021,12,355,6.9,80.2,34.6,0,38.5,1026.4,1
22-12-2021,12,356,4,82.5,10,4.8,68.8,1013.3,1
23-12-2021,12,357,7,93.6,41.5,14.5,63.2,1009.7,0
24-12-2021,12,358,6.2,81.9,35.8,0,34.4,1008.2,0
25-12-2021,12,359,8,100,15.6,0,56.3,1007.1,0
26-12-2021,12,360,4.6,84.4,2.8,0,50.5,1017.1,0
27-12-2021,12,361,8.7,65.8,14.7,0,63.7,1002.6,0
28-12-2021,12,362,11.7,85.9,4.6,0,62.2,1006.5,0
29-12-2021,12,363,6.9,82.9,7.5,0,63.5,1023.6,1
30-12-2021,12,364,8.4,90.1,8,2.7,56.2,1005.4,0
31-12-2021,12,365,9.3,85.1,4.6,0,59.6,1019.9,0
01-01-2022,1,1,6.1,78.6,14.8,0,60,996.5,1
02-01-2022,1,2,8,69.8,6.8,29.5,54.7,1024.6,0
03-01-2022,1,3,7.5,77.9,10.4,0,45.2,1002.8,0
04-01-2022,1,4,7.8,72.7,8,0,28.2,1006,0
05-01-2022,1,5,5.2,74.8,17.8,0,60,1018.4,1
06-01-2022,1,6,7.7,84.1,16.9,1,80,1015.2,0
07-01-2022,1,7,9.2,92.6,9.8,0,71.5,1020.2,1
08-01-2022,1,8,12.1,82.3,18.4,8.1,66.6,1002.8,0
09-01-2022,1,9,10.7,69.5,28.6,0,56.8,1010.7,1
10-01-2022,1,10,14.4,82.6,1.2,4.5,84.8,1008.1,1
11-01-2022,1,11,5.7,88.5,7.7,2.7,58.7,1004.1,0
12-01-2022,1,12,10.7,73.9,5.4,0,36.4,,0
13-01-2022,1,13,8.8,77.6,7.1,0,39.2,1020.5,1
14-01-2022,1,14,14.9,78.7,0.9,36.3,64.8,1010.3,1
15-01-2022,1,15,6,72.2,1.2,0.5,56.9,1025.2,0
16-01-2022,1,16,6,83.6,8.3,0,39.8,1006.7,0
17-01-2022,1,17,6.8,77.3,8.1,0,63.2,1025,0
18-01-2022,1,18,2.4,81.5,31.3,0,48.6,1017.5,1
19-01-2022,1,19,7.3,70.9,13.9,3,74.6,1003.2,0
20-01-2022,1,20,6.7,74.4,18.1,0,41.7,1028.9,1
21-01-2022,1,21,9.6,83.5,102.1,16.6,60.8,1009.4,1
22-01-2022,1,22,10.3,74.6,37.7,22.3,74.3,1022.6,0
23-01-2022,1,23,15,91.3,12.1,0,51.9,1014.2,0
24-01-2022,1,24,12.4,74.1,8.8,0,61.7,1016,0
25-01-2022,1,25,7.9,79,7.8,0,69.5,1020.2,0
26-01-2022,1,26,7.1,84.5,16,0,39.6,1019.8,0
27-01-2022,1,27,11.4,65.5,8.9,0,62.9,1010.3,0
28-01-2022,1,28,6.1,62.6,4.4,0,33.8,1017.3,0
29-01-2022,1,29,15.7,64.3,8,0,81.1,1016.7,1
30-01-2022,1,30,13.9,86.5,16.3,5,58.2,1014.7,1
31-01-2022,1,31,9.1,71.8,20.4,2.7,80.4,1011.4,0
01-02-2022,2,32,5.6,96.5,40.3,0,33.7,1014.7,0
02-02-2022,2,33,14.9,71.3,13.5,0,47.7,1028.7,1
03-02-2022,2,34,10.7,77.2,29.7,0.8,93.2,1010.6,0
04-02-2022,2,35,14.9,87.8,10.7,0,37.7,1022.7,1
05-02-2022,2,36,6.6,91.4,11.9,0.5,100,1008,0
06-02-2022,2,37,9.8,91.6,11.4,0,49.9,1005.9,1
07-02-2022,2,38,11.8,84.6,14.7,2,84.6,1039.2,0
08-02-2022,2,39,12.1,82.9,22.9,0,56,1017.3,0
09-02-2022,2,40,10.8,79.3,8.6,0,56.9,1017.5,1
10-02-2022,2,41,14.2,80.6,5.7,12.9,48.6,1017.8,0
11-02-2022,2,42,9.3,69.7,24.2,0,42.9,,0
12-02-2022,2,43,12.2,67.4,23,0,67.9,1016.3,0
13-02-2022,2,44,13.2,73.7,32.9,0,44.8,1019.5,0
14-02-2022,2,45,14.6,72.1,7.5,0,52.1,1004.5,0
15-02-2022,2,46,15.4,69.7,10.4,0,26.8,1020.9,1
16-02-2022,2,47,10.1,78.6,24.8,0.4,61.9,1011.1,0
17-02-2022,2,48,9.1,80.5,8.5,0,66.8,1018.4,1
18-02-2022,2,49,17.7,73.3,19.8,12.7,50.8,999.3,1
19-02-2022,2,50,15.1,84.2,10.7,5.2,80.8,1018,1
20-02-2022,2,51,12.1,63,15.9,1.1,72.7,995.1,0
21-02-2022,2,52,19.2,70.4,4.4,0,46.5,1010.8,0
22-02-2022,2,53,15.1,66,13.3,0,45.8,999.4,1
23-02-2022,2,54,18.5,56.6,28.2,15.7,62.6,1018.1,1
24-02-2022,2,55,15.4,70.6,21.6,9.9,64,1013.6,0
25-02-2022,2,56,21.6,70,5.4,0,63.9,1006.8,1
26-02-2022,2,57,20.9,82.9,38.2,5.9,63.5,1024.5,1
27-02-2022,2,58,15.1,75.6,27,29.6,97.1,1005.8,1
28-02-2022,2,59,19,62.1,4.6,27,74.5,988.8,0
01-03-2022,3,60,18.2,84.9,8,0,41.4,1017.1,0
02-03-2022,3,61,20.6,79.6,4.8,0,64.6,998.9,0
03-03-2022,3,62,13.8,74.2,16.2,0,59.4,1006.1,0
04-03-2022,3,63,19,67.5,7.8,0,25.2,1008.9,0
05-03-2022,3,64,20.4,61.4,1.6,0,34.5,1001.6,0
06-03-2022,3,65,12.1,65.9,11.8,0,48.3,1009.1,0
07-03-2022,3,66,14.1,77.3,23.6,0,26.2,1001.8,0
08-03-2022,3,67,11.8,83.4,13.6,0,81.4,1014.3,1
09-03-2022,3,68,17.3,80.4,18.5,5.7,82.3,1003.2,1
10-03-2022,3,69,20.5,63.9,14.5,20.1,69.8,1013.2,0
11-03-2022,3,70,23.1,58.6,21,0,44.9,1022.3,0
12-03-2022,3,71,19.1,68.4,15.5,0,41,1019.3,0
13-03-2022,3,72,24,52.9,11.3,0,20.5,1012.3,0
14-03-2022,3,73,15.2,69.4,13.4,0,24,1005.1,0
15-03-2022,3,74,14.4,65.4,33.7,0,78.5,1014.3,1
16-03-2022,3,75,19.6,62.6,19.3,27.5,93.6,1007.4,0
17-03-2022,3,76,21.2,53.3,5.4,0,41.4,1014.6,0
18-03-2022,3,77,20.2,69.9,13.3,0,63.6,999.3,0
19-03-2022,3,78,14.3,61.3,16,0,57.6,1019.5,0
20-03-2022,3,79,20.5,55.9,11.1,0,59.4,1013.3,0
21-03-2022,3,80,17.1,42,1.6,0,28.6,1030.7,1
22-03-2022,3,81,23.3,64.5,5.9,1.7,42.9,1023.4,0
23-03-2022,3,82,22.6,78.7,8.9,0,67.7,1017.5,1
24-03-2022,3,83,18.9,77.5,41.1,4.8,40.3,1012,0
25-03-2022,3,84,20.4,60.3,17.8,0,47.8,1007.2,0
26-03-2022,3,85,19,58.9,2.7,0,44.5,1020.5,0
27-03-2022,3,86,22.3,67.2,11.6,0,43.1,1011.2,0
28-03-2022,3,87,25.5,55.2,30.2,0,54.7,1022.3,0
29-03-2022,3,88,20,65.4,,0,39.8,1016.2,0
30-03-2022,3,89,24.7,68.8,25.5,0,55.9,1016.3,0
31-03-2022,3,90,21.8,72.2,2.8,0,52.1,1017.8,0
01-04-2022,4,91,21.3,61.4,0.2,0,81.5,1005.6,0
02-04-2022,4,92,23.6,60.3,,0,29.2,1004.8,0
03-04-2022,4,93,21,54.6,8.5,0,50.4,1004.5,1
04-04-2022,4,94,22.7,54.8,9.1,19.2,76.5,1021.4,0
05-04-2022,4,95,21,59.4,14.4,0,46.2,1005.4,0
06-04-2022,4,96,30.7,63.9,17.4,0,29.9,1006.4,1
07-04-2022,4,97,25.1,68,0.6,19.2,88.9,1017.3,1
08-04-2022,4,98,23.2,54,7.1,25.3,75.1,1011,1
09-04-2022,4,99,26.1,72.1,13.1,0.6,51,1010,0
10-04-2022,4,100,25.4,57.8,17.3,0,56.6,1009.3,0
11-04-2022,4,101,25.3,59.5,5.3,0,75.5,994.4,0
12-04-2022,4,102,28,53.5,10.6,0,49.5,1005.3,1
13-04-2022,4,103,28.7,39.8,7.6,1.6,70,1022.5,0
14-04-2022,4,104,25,66.1,14.8,0,73.5,1008.7,1
15-04-2022,4,105,25.1,64.6,27.4,25.4,55.4,997.8,0
16-04-2022,4,106,26.2,56.3,9.5,0,75.9,1004.9,0
17-04-2022,4,107,20.4,58.8,3.4,0,64.6,1015.9,1
18-04-2022,4,108,22.9,62.2,6.8,7.7,56.1,1015.7,0
19-04-2022,4,109,31.8,45.3,37.9,0,40,1010.6,1
20-04-2022,4,110,32.8,53.4,5.9,15.5,62.1,1007.5,0
21-04-2022,4,111,27.4,63.7,4.1,0,22.5,1001.8,0
22-04-2022,4,112,30.1,47.1,9,0,53.9,1015.9,0
23-04-2022,4,113,29.5,59.3,11.6,0,36.8,1019.7,1
24-04-2022,4,114,38,45.9,8,11.7,74.4,1023.3,1
25-04-2022,4,115,32.3,60.2,2.8,2.5,50.6,1004.1,0
26-04-2022,4,116,28.7,56,15.9,0,63.8,,1
27-04-2022,4,117,26.5,43.2,14.8,1.8,81.1,1012.5,0
28-04-2022,4,118,24.7,65.2,20.5,0,39.4,1013.2,0
29-04-2022,4,119,30.3,49.8,14.6,0,55.4,1020.1,1
30-04-2022,4,120,27.6,49,35.9,22.9,71.2,1008.7,1
01-05-2022,5,121,25.8,56.9,,21.5,92.2,995.7,0
02-05-2022,5,122,28.3,64.3,18.7,0,34.5,1018.6,0
03-05-2022,5,123,27.2,46.8,28.1,0,47.7,1015.8,0
04-05-2022,5,124,35.7,55.2,13.9,0,40.4,1010.1,0
05-05-2022,5,125,33.4,57.9,10.8,0,50.7,1018,0
06-05-2022,5,126,30.9,59.9,15.7,0,58,1019.6,1
07-05-2022,5,127,35.6,55.6,1.5,18.5,60.2,1000.9,0
08-05-2022,5,128,31.5,51,13.9,0,44.5,1013.2,0
09-05-2022,5,129,28.9,47.2,11.6,0,64.5,994.8,1
10-05-2022,5,130,36.2,54.3,17,5.4,90.4,1012,1
11-05-2022,5,131,33.4,44.9,25.5,18.1,77.4,1010,1
12-05-2022,5,132,28.8,29.9,19,13.1,67.9,1016.9,0
13-05-2022,5,133,31.5,56.6,6.8,0,46.5,1004.4,0
14-05-2022,5,134,29.6,60.2,22.7,0,58.2,1009.6,0
15-05-2022,5,135,28.2,33.9,36.2,0,53.4,987.3,1
16-05-2022,5,136,35.3,44.6,26,2.1,45.3,,0
17-05-2022,5,137,38.4,57.5,3.7,0,58.6,1012.3,0
18-05-2022,5,138,28.6,68.9,18.9,0,37.1,1013.7,0
19-05-2022,5,139,34.6,52.4,4.3,0,28.7,1001.1,0
20-05-2022,5,140,31.1,46.3,10,0,25,1016.2,1
21-05-2022,5,141,31.7,50.5,16.7,0.4,66.8,1026.2,0
22-05-2022,5,142,31.5,62.9,15.1,0,34.8,1011.5,0
23-05-2022,5,143,30.8,46.6,25.7,0,15.1,1018.2,1
24-05-2022,5,144,33.6,45.2,36.4,15.3,64.6,1006,1
25-05-2022,5,145,31.1,47.6,17.9,5.3,62.6,1012.4,1
26-05-2022,5,146,34.5,43.8,9.3,4.3,67.8,1000.7,1
27-05-2022,5,147,33.6,52.3,1.6,30.5,60.6,1019.3,0
28-05-2022,5,148,33.2,64.2,30.1,0,77.4,1014.3,0
29-05-2022,5,149,31.3,53.7,11.7,0,57.8,1003.2,0
30-05-2022,5,150,32.3,49,12.1,0,42.5,1006.6,0
31-05-2022,5,151,36.4,48.6,12.9,0,49,1013.5,0
01-06-2022,6,152,35.7,38.3,17.3,0,71.2,1020.4,0
02-06-2022,6,153,31.4,57.8,17.7,0,64.3,1024.8,0
03-06-2022,6,154,34.7,50,10.1,0,29.1,1011.9,1
04-06-2022,6,155,36.7,49.1,11.6,4.2,55.4,1002.1,0
05-06-2022,6,156,29.5,76.1,7.5,0,38.3,1014.9,0
06-06-2022,6,157,36.2,52.8,6.8,0,43.4,1027.3,1
07-06-2022,6,158,32.6,44.4,6.8,1.9,61.1,1000,0
08-06-2022,6,159,36.4,46.9,11.5,0,50.5,1005.4,0
09-06-2022,6,160,32.4,59.5,5.7,0,61,1017.9,0
10-06-2022,6,161,29.4,51.1,0.2,0,63.5,1014.2,0
11-06-2022,6,162,29.9,38.7,9.2,0,45.1,1008.6,0
12-06-2022,6,163,35,57.5,3.9,0,25.5,1014.8,0
13-06-2022,6,164,35.7,44.8,13.6,0,34.4,1020.8,0
14-06-2022,6,165,32.2,65.1,7.5,0,42.2,1012.2,0
15-06-2022,6,166,36.9,58.7,17.5,0,31.3,1011.5,0
16-06-2022,6,167,30,46.5,4.3,0,67.1,1017.7,0
17-06-2022,6,168,34.8,60.3,2.1,0,32.3,1010.8,0
18-06-2022,6,169,31.4,50.6,11.6,0,59.3,1022.1,0
19-06-2022,6,170,33,56.8,8.9,0,24.8,1029.2,0
20-06-2022,6,171,35.1,53.9,3.6,0,59.9,1005.9,1
21-06-2022,6,172,32.4,43.2,21.6,3.1,67.9,1003,1
22-06-2022,6,173,33.8,44.9,5.1,11.6,92.7,1016,1
23-06-2022,6,174,38,58.3,6.5,5.5,53,1002.7,0
24-06-2022,6,175,33.2,47.4,24.5,0,41.5,1002.6,1
25-06-2022,6,176,37.5,46.8,18.2,13.4,64.4,996.6,1
26-06-2022,6,177,31.5,42.4,4.6,16.1,67.7,1009.9,0
27-06-2022,6,178,36.5,53.5,9.6,0,44.8,1012.7,0
28-06-2022,6,179,39.2,66.6,4.1,0,45.1,1008.9,0
29-06-2022,6,180,27.4,41.6,23.3,0,44.9,1024.1,1
30-06-2022,6,181,32.4,50.4,23.3,11.5,38.9,1023.5,0
01-07-2022,7,182,36.5,61.6,39.9,0,64.9,,0
02-07-2022,7,183,34.1,49.7,50.2,0,92.9,1013.4,0
03-07-2022,7,184,35.8,54,7.4,0,54.5,1022.5,0
04-07-2022,7,185,32.8,41.9,20.7,0,33,1015.5,0
05-07-2022,7,186,34.8,53.9,1.7,0,34.5,1014.7,1
06-07-2022,7,187,34,49.1,14.4,5.1,79.2,1009.3,1
07-07-2022,7,188,37.9,58.5,17.1,4.7,75.8,994.9,1
08-07-2022,7,189,35.1,60.2,5.4,0.1,65.7,1018.1,0
09-07-2022,7,190,35.3,71.5,7,0,61.3,1022.2,0
10-07-2022,7,191,33,55.5,23.4,0,19,1000.8,0
11-07-2022,7,192,32.7,53.6,17.4,0,61.3,1012.9,1
12-07-2022,7,193,32.7,52.6,36.6,9,73.6,1020.9,0
13-07-2022,7,194,35.1,48.3,33.8,0,35.1,1010.1,0
14-07-2022,7,195,32.6,53.9,2.3,0,28.5,1022.5,0
15-07-2022,7,196,34.6,49,8.1,0,51.8,1011.9,0
16-07-2022,7,197,39.9,52.8,4.8,0,71.1,1008.8,1
17-07-2022,7,198,36.2,62.1,21.4,24.6,66.6,1023,0
18-07-2022,7,199,32.5,43.6,15.5,0,37.2,1005.5,0
19-07-2022,7,200,36.9,60.9,5.2,0,52.9,1007.2,1
20-07-2022,7,201,32,62.5,6,1.1,97.3,1005.8,1
21-07-2022,7,202,27,51.1,28.9,14.8,76.5,1003.9,0
22-07-2022,7,203,29.9,35.2,8.9,0,58.1,1014.2,0
23-07-2022,7,204,27.2,47.5,1.4,0,68.3,1008.9,0
24-07-2022,7,205,31.6,62.8,4.7,0,57.1,1016.9,1
25-07-2022,7,206,32.6,52.4,41.6,1.8,58.3,999.1,0
26-07-2022,7,207,37.5,44.8,25,0,23.8,1004,0
27-07-2022,7,208,33.3,48.9,3.9,0,36.2,1013.4,0
28-07-2022,7,209,31.5,59.8,14.4,0,33.4,1024.8,0
29-07-2022,7,210,34.5,57.6,24,0,59.9,1016,1
30-07-2022,7,211,25.2,51.5,2.3,4.6,82,1008.3,0
31-07-2022,7,212,32.4,50.6,25.8,0,52.6,1001.1,0
01-08-2022,8,213,33.8,50.6,17.3,0,31,1007.8,0
02-08-2022,8,214,26.9,46.5,6.7,0,76.8,1012.7,0
03-08-2022,8,215,34.6,67,19.3,0,43.8,994.1,0
04-08-2022,8,216,32.1,51.7,15.6,0,59.1,1003.3,0
05-08-2022,8,217,29.6,64.2,16.4,0,50.7,1007.1,0
06-08-2022,8,218,32.6,66.8,14,0,53.1,1010.9,0
07-08-2022,8,219,37.3,62.8,5.8,0,58.5,1012.6,0
08-08-2022,8,220,30.9,51.5,6.8,0,39.6,1008.1,0
09-08-2022,8,221,30.9,58.4,10.3,0,69.6,1017,0
10-08-2022,8,222,28.6,55.2,13,0,26.3,1014,0
11-08-2022,8,223,27.3,48.3,20.1,0,34.4,,1
12-08-2022,8,224,32.1,58.4,42.3,1.4,89.4,1018.2,0
13-08-2022,8,225,26.9,46.5,14.9,0,58.9,1017.5,1
14-08-2022,8,226,29.4,65.7,19.9,23.5,100,1001.4,0
15-08-2022,8,227,27.6,52.7,23.1,0,51,1012.7,0
16-08-2022,8,228,30.3,58.2,20.9,0,75.5,1020.1,0
17-08-2022,8,229,29.6,59.1,5.6,0,22.1,1021.5,0
18-08-2022,8,230,31.5,55,30.8,0,28.8,1016,0
19-08-2022,8,231,26.7,62,27.6,0,63.4,1011.1,0
20-08-2022,8,232,27.2,53.7,13.8,0,23.9,1016.4,1
21-08-2022,8,233,24.9,64.7,5.9,19.4,67,1019.5,0
22-08-2022,8,234,26.3,47.2,12.8,0,67.5,1013.9,1
23-08-2022,8,235,28.5,59.2,2.7,7.8,77.5,1014.8,0
24-08-2022,8,236,29.4,73.9,,0,50.2,1011,0
25-08-2022,8,237,24.2,50.6,7.4,0,43.3,1002.3,0
26-08-2022,8,238,29.3,53.4,9.9,0,53,1011.6,1
27-08-2022,8,239,30.6,63.2,31.9,11.6,78.7,1007.6,1
28-08-2022,8,240,27.5,60.8,29.4,3.5,60.1,1007.6,0
29-08-2022,8,241,31.7,62.4,16.1,0,55.6,1024.5,0
30-08-2022,8,242,23.5,63.7,36.8,0,66.2,1020.6,0
31-08-2022,8,243,21.9,65.1,5.4,0,46.7,999.5,0
01-09-2022,9,244,20,69.2,16.1,0,51,1004.3,0
02-09-2022,9,245,29.6,63.8,5.4,0,57.3,1010.1,1
03-09-2022,9,246,26.9,58.9,26.5,2.3,78.3,1007.9,0
04-09-2022,9,247,24.5,66.4,25.9,0,63.2,1015.5,0
05-09-2022,9,248,25.3,76.5,,0,34.8,1003.1,1
06-09-2022,9,249,20.8,60.5,12.5,1.7,62.1,1020.7,0
07-09-2022,9,250,31.3,54,45.5,0,42.6,1012.6,1
08-09-2022,9,251,24.1,70.9,5,16.1,56.4,1010.3,0
09-09-2022,9,252,23.8,61.3,12,0,23,1012.9,1
10-09-2022,9,253,25.5,45.2,5.2,0.7,21.2,1009.7,0
11-09-2022,9,254,24.5,69.6,14.5,0,67.9,996.8,1
12-09-2022,9,255,23.5,58.8,5.6,11,46.7,1013.1,0
13-09-2022,9,256,20.2,62.6,26.5,0,73.5,1010.4,0
14-09-2022,9,257,23.7,66.2,17.7,0,61.1,1005.4,0
15-09-2022,9,258,27.7,65.4,4.6,0,43.9,1021.8,0
16-09-2022,9,259,25.9,69.8,22.4,0,59.2,1018.4,0
17-09-2022,9,260,26.4,60.9,35.1,0,56.4,1032.5,1
18-09-2022,9,261,19.8,68.7,18.9,5.4,53.5,1019.7,0
19-09-2022,9,262,18.2,62.8,3.4,0,49.8,1007.9,1
20-09-2022,9,263,20.5,71,11.1,33.2,55.3,1005.8,0
21-09-2022,9,264,20.8,70.3,,0,59.8,1009,0
22-09-2022,9,265,23.7,58.2,10.3,0,39.3,1007.7,0
23-09-2022,9,266,15.1,74.6,5,0,48.6,1013.9,0
24-09-2022,9,267,24.5,61.9,28.6,0,47.9,1000.7,1
25-09-2022,9,268,19.2,72.9,9.9,7.1,71.8,1018.2,1
26-09-2022,9,269,18.2,69.6,35.1,7.1,94.9,1013.7,1
27-09-2022,9,270,16.2,81.6,8.1,4.7,66.4,1017.3,0
28-09-2022,9,271,14,65.4,9.5,0,68.3,1003.8,1
29-09-2022,9,272,21.2,64.6,7.6,2.5,77.2,1015,1
30-09-2022,9,273,18.7,67.5,11,4.8,91.3,1023.4,0
01-10-2022,10,274,14.4,65.5,17.5,0,44.9,1006.1,0
02-10-2022,10,275,14.1,74.6,5.2,0,60.4,1005.9,0
03-10-2022,10,276,16.8,55.5,4.3,0,49.1,1018.7,0
04-10-2022,10,277,22.5,60.3,2.2,0,5.2,1005.2,1
05-10-2022,10,278,16.5,60.4,1.9,8.3,53.7,1011.1,0
06-10-2022,10,279,12.6,76.8,3.4,0,58.7,1024.8,0
07-10-2022,10,280,16.1,83.1,,0,57.7,1006,1
08-10-2022,10,281,15.8,68.9,14.3,3.9,50.6,1025.4,1
09-10-2022,10,282,8.3,68.6,16.8,10.5,73.3,1010.3,0
10-10-2022,10,283,16,70.7,13.8,0,57.5,1004,0
11-10-2022,10,284,15.2,79.7,32.5,0,49.5,1017.8,1
12-10-2022,10,285,17.8,63.2,39.4,5.3,80.9,1013.9,0
13-10-2022,10,286,21,72.8,10,0,58.9,1013.1,0
14-10-2022,10,287,18.6,78.9,5.3,0,49.5,1006.9,0
15-10-2022,10,288,14.2,75.4,47.4,0,42.3,1013.8,0
16-10-2022,10,289,11.5,73.1,27.9,0,65.6,996.5,0
17-10-2022,10,290,22.3,79.8,26.6,0,56.9,1014.8,0
18-10-2022,10,291,14.6,50.4,7.8,0,29.3,1023.4,0
19-10-2022,10,292,14.2,77.7,22.8,0,53.3,998.9,0
20-10-2022,10,293,13.9,67.3,13.9,0,32.7,1009.7,0
21-10-2022,10,294,14.4,58.1,11.8,0,35.5,1006,0
22-10-2022,10,295,13.1,77.1,11.8,0,40.2,1000.9,0
23-10-2022,10,296,11.6,84.2,18.1,0,50.7,996.6,0
24-10-2022,10,297,11.5,72.3,33.2,0,55.6,1003.6,1
25-10-2022,10,298,12.9,81.2,49.9,9,63.9,1011.1,0
26-10-2022,10,299,11.1,86.7,9,0,44.5,1022.2,0
27-10-2022,10,300,10.4,84.5,14.5,0,42.5,,0
28-10-2022,10,301,12.7,87.3,11.6,0,65.7,1015.4,1
29-10-2022,10,302,11.4,80.4,17.2,0.3,27.2,1014.8,0
30-10-2022,10,303,16.5,75.2,10.5,0,45.4,1026.4,0
31-10-2022,10,304,3.9,62,7,0,73.2,1017.6,1
01-11-2022,11,305,14.9,73.1,9,1.6,77.8,1018,0
02-11-2022,11,306,15.2,68.5,7.9,0,69,1018.6,1
03-11-2022,11,307,5.1,92.8,11.1,4.5,39.5,1005.6,1
04-11-2022,11,308,10.1,74.2,3.7,7.8,51.4,1008.4,0
05-11-2022,11,309,9.8,76.8,8,0,57.7,1021.9,0
06-11-2022,11,310,6.6,80.4,17.1,0,73.3,996.6,0
07-11-2022,11,311,8.3,76.5,17,0,32.9,1007.5,1
08-11-2022,11,312,7.1,89.9,15.1,6.8,64.2,1002.4,0
09-11-2022,11,313,15.6,71.5,31.3,0,56,1014.9,1
10-11-2022,11,314,13,78.2,17.6,6.5,48.2,1009.6,1
11-11-2022,11,315,13.8,70.8,30.6,10.7,77.8,1018,1
12-11-2022,11,316,12,66.4,49.9,3.3,29.9,1012.1,0
13-11-2022,11,317,6.3,72.2,23.2,0,57.4,1000.6,0
14-11-2022,11,318,8,77,3.7,0,35.1,1001,0
15-11-2022,11,319,10.9,74,15.6,0,43.3,1013,0
16-11-2022,11,320,5.6,72,13.9,0,59.8,1006.8,1
17-11-2022,11,321,11.3,66.4,35.1,0.1,76.7,1008.7,0
18-11-2022,11,322,8.3,77.1,11.5,0,49.9,1020.5,0
19-11-2022,11,323,7.8,65.9,6.2,0,64.5,1019.1,0
20-11-2022,11,324,10.9,84.2,8.4,0,24.5,1027.4,1
21-11-2022,11,325,10,78.9,,0.7,73.1,1010.5,0
22-11-2022,11,326,7.5,66.7,44.8,0,38.1,1007.9,0
23-11-2022,11,327,11.9,76,12.7,0,63.8,1016.3,0
24-11-2022,11,328,5.1,72.5,4.2,0,60.3,1008.5,0
25-11-2022,11,329,10.1,81.2,37.2,0,60.9,1008.8,1
26-11-2022,11,330,9.9,89.5,41.3,3.5,94.7,1011.4,0
27-11-2022,11,331,7.1,63.9,14.3,0,66.9,1026.2,1
28-11-2022,11,332,8.9,79.9,3.5,14.4,67.6,1018.6,0
29-11-2022,11,333,4.1,77.8,8.6,0,50,1019.5,0
30-11-2022,11,334,10.6,84.5,10.5,0,59,1025.9,1
01-12-2022,12,335,7.2,80.9,13,17.6,72,1020.2,0
02-12-2022,12,336,6.1,73.3,4.8,0,60.6,1003.9,0
03-12-2022,12,337,10.7,76.8,24.6,0,16.5,1020.1,1
04-12-2022,12,338,5.4,73.1,1.2,25.6,98.2,1021.1,0
05-12-2022,12,339,3.2,88.1,27.3,0,50.9,1018.2,1
06-12-2022,12,340,2.7,79.8,31.3,2.4,45.7,,0
07-12-2022,12,341,9.2,94.8,9.3,0,36.3,1017.4,0
08-12-2022,12,342,3.4,79.2,11.9,0,18.1,1012.8,0
09-12-2022,12,343,12.5,74.1,33.9,0,33.6,1005.2,0
10-12-2022,12,344,1,67.7,20.1,0,47.9,1007.2,0
11-12-2022,12,345,12.2,65.4,9.6,0,72.7,1018.6,0
12-12-2022,12,346,7.8,67.2,10.5,0,56.2,1005.8,1
13-12-2022,12,347,6.8,82,18.1,20,73.5,1006.5,0
14-12-2022,12,348,5.4,84,42.2,0,33,1019,0
15-12-2022,12,349,8.2,67.3,10.8,0,37.6,1014.1,1
16-12-2022,12,350,6.9,87.1,9.4,5.8,58.8,1017.6,0
17-12-2022,12,351,10.3,76.1,12.9,0,39.4,1003.2,0
18-12-2022,12,352,7.3,81.2,13,0,44.7,1017.4,0
19-12-2022,12,353,7.5,92.9,15.9,0,45.9,1007.7,1
20-12-2022,12,354,5.9,87.2,11.9,9.4,64.9,1004.9,1
21-12-2022,12,355,6.8,77.8,28.4,6.8,59.9,1009,1
22-12-2022,12,356,7.9,72.9,5.8,19,72,1023.9,0
23-12-2022,12,357,1.9,62.8,17.2,0,45.3,1010.1,1
24-12-2022,12,358,3,74.2,17.7,6.1,46.1,1030.6,0
25-12-2022,12,359,9.3,78.2,6.3,0,50.5,996.5,1
26-12-2022,12,360,7.6,72,17.1,4.2,68.2,1000.6,0
27-12-2022,12,361,6.6,78.8,18,0,26.3,1023.6,0
28-12-2022,12,362,7.2,80.5,0.6,0,41.1,1025.6,0
29-12-2022,12,363,8.2,78,5.3,0,59,1006.1,1
30-12-2022,12,364,5.6,74.6,35.8,3.1,53,1013.6,0
31-12-2022,12,365,4.9,81.1,7.7,0,31.4,1018.7,1
01-01-2023,1,1,7.9,83.2,4.2,2.7,65.1,1011.2,0
02-01-2023,1,2,4.4,70.9,1.8,0,59.3,1014.2,0
03-01-2023,1,3,8.6,90.8,4.8,0,77.2,1013.1,1
04-01-2023,1,4,2.4,78.7,11.5,1.4,79.9,1001.1,0
05-01-2023,1,5,10.6,79.6,3.9,0,66.3,1010.2,0
06-01-2023,1,6,9,85,20.3,0,55.2,1013.1,1
07-01-2023,1,7,8.5,81.1,6.2,16.1,59.7,1013.8,0
08-01-2023,1,8,10.7,86.8,16,0,59.8,999.2,1
09-01-2023,1,9,12.8,81.4,32.5,8.8,68.7,1019,0
10-01-2023,1,10,11,74.1,31.1,0,55.7,1014,0
11-01-2023,1,11,2.5,81.8,15.8,0,35.8,1004.6,1
12-01-2023,1,12,4.3,69.7,4.5,1.1,77,1027.4,0
13-01-2023,1,13,6.3,79.6,12.2,0,48.2,1010.2,0
14-01-2023,1,14,8.4,78.3,16.2,0,53.5,1010.7,0
15-01-2023,1,15,10,76.8,56,0,48.7,1018.1,0
16-01-2023,1,16,6.3,77.4,1.8,0,45.8,1028.1,0
17-01-2023,1,17,9.2,63.2,12.2,0,57.3,1018.4,0
18-01-2023,1,18,6.5,73.7,19.8,0,43.9,1019.6,0
19-01-2023,1,19,7,78.8,13.7,0,26.2,1005,0
20-01-2023,1,20,4.8,79.2,14.9,0,21.9,1013.7,0
21-01-2023,1,21,6.3,69.5,6.5,0,52.8,1008.7,0
22-01-2023,1,22,5.2,87.7,24.3,0,43.3,1018.6,0
23-01-2023,1,23,6.4,70.5,13,0,24.1,1019.4,0
24-01-2023,1,24,12.7,85.1,14.9,0,51.6,1026.1,0
25-01-2023,1,25,6.8,80.6,26.1,0,48.6,995.7,0
26-01-2023,1,26,17.7,71.9,9.8,0,42.5,1008,0
27-01-2023,1,27,11.4,91.1,30,0,53.7,1023.4,0
28-01-2023,1,28,10.6,67.2,3.8,0,69.7,1001.8,0
29-01-2023,1,29,7.7,83.9,15.5,0,69.3,1019.4,1
30-01-2023,1,30,12.5,84.4,6.2,7,72.2,1022.1,0
31-01-2023,1,31,8.8,70.8,4.8,0,48.7,1012.8,0
01-02-2023,2,32,11.1,87.2,41.8,0,52.4,1001.6,0
02-02-2023,2,33,18.5,73.9,4,0,54.6,1012,1
03-02-2023,2,34,10.7,78,13.2,9.6,66,1024.7,1
04-02-2023,2,35,14.7,77.6,3.7,9.9,72.6,1025.3,0
05-02-2023,2,36,9.3,74.2,28.8,0,26.4,1014.7,0
06-02-2023,2,37,11.5,81.6,9,0,51.2,1005.2,1
07-02-2023,2,38,17,81.3,26,4.9,77.2,1026.9,0
08-02-2023,2,39,10,60.7,19.3,0,42.7,1019.6,0
09-02-2023,2,40,17.5,85,50.7,0,48.6,1005.7,1
10-02-2023,2,41,14.4,61,3,5.3,53.3,1015.7,0
11-02-2023,2,42,10.8,82.4,5.2,0,31.2,1015.4,0
12-02-2023,2,43,14.6,82.9,25,0,53.2,1007.9,0
13-02-2023,2,44,15.8,65,16,0,39.1,1015.8,0
14-02-2023,2,45,14.9,70.2,10.4,0,23.3,1021.8,0
15-02-2023,2,46,8.6,64.4,44.7,0,33.3,1010.6,0
16-02-2023,2,47,11.3,71.4,12.5,0,35.5,1022.7,0
17-02-2023,2,48,12.9,70.4,6.4,0,61.6,999,1
18-02-2023,2,49,13.7,78.9,26.2,1.9,72.7,1030.7,1
19-02-2023,2,50,15.9,82.9,12.8,5.6,56.9,1013.5,0
20-02-2023,2,51,14.8,83.3,13.6,0,41.2,1021.6,0
21-02-2023,2,52,10.5,67.5,20.5,0,69.7,1014.7,1
22-02-2023,2,53,15.9,70,21,12.1,84,1006.4,0
23-02-2023,2,54,16.8,58,5.2,0,33.2,1012.7,1
24-02-2023,2,55,16.8,64.8,9.9,2.1,87.5,997.7,0
25-02-2023,2,56,18.6,78.7,3.4,0,48.8,1018.5,0
26-02-2023,2,57,18.1,83.7,16.2,0,62,1014.6,0
27-02-2023,2,58,17.2,60.7,41.3,0,47.6,1011.5,0
28-02-2023,2,59,15.8,65.6,5.4,0,67.8,1019,1
01-03-2023,3,60,11.3,69.9,2.7,7.4,52.6,1013.3,0
02-03-2023,3,61,17.8,72.1,7.3,0,46.2,1017.9,1
03-03-2023,3,62,17.4,63.1,10.4,5.3,88.2,1020.7,0
04-03-2023,3,63,17.8,72.7,21.2,0,14.1,1008.6,1
05-03-2023,3,64,13.4,65.3,9.5,1.6,69.3,1006.3,0
06-03-2023,3,65,14.2,68.7,16.4,0,44.1,999.2,0
07-03-2023,3,66,20.8,73,8.3,0,60.3,1014,0
08-03-2023,3,67,17.8,68.4,10.8,0,66,1016.6,0
09-03-2023,3,68,20.2,64.6,6.2,0,61,1002.4,0
10-03-2023,3,69,18.4,66.9,4.5,0,53.6,1024.4,1
11-03-2023,3,70,18.7,66.9,21.7,23.5,70.6,1006.4,1
12-03-2023,3,71,21.7,64.4,8.8,3.7,64.9,996.2,0
13-03-2023,3,72,17.5,65,,0,53.1,1025,1
14-03-2023,3,73,19.6,79.6,6.1,5.8,91.9,,1
15-03-2023,3,74,18.2,71,12.6,1,57.5,1020.7,0
16-03-2023,3,75,18.5,63.9,1.2,0,44,1018.8,0
17-03-2023,3,76,19.1,71.6,9.3,0,48.9,1015.6,0
18-03-2023,3,77,20.9,63.1,6.7,0,65,1008.8,0
19-03-2023,3,78,19.1,74.9,28,0,53.3,1017,0
20-03-2023,3,79,24.5,68.2,3.8,0,64.8,1021.4,1
21-03-2023,3,80,18.3,64.1,11.2,12.7,85.5,1005.1,0
22-03-2023,3,81,20.7,68.3,16.1,0,58.9,1020.8,0
23-03-2023,3,82,20.2,51.9,25.4,0,34,1020.4,0
24-03-2023,3,83,26.1,55.2,23,0,74.9,1015.3,1
25-03-2023,3,84,22.6,54.4,11.9,5.7,91.2,1008.7,0
26-03-2023,3,85,25.3,64.9,13.2,0,51,1020.5,1
27-03-2023,3,86,18,77.3,28,7.6,49.3,1017.1,1
28-03-2023,3,87,23.5,81,11.7,6.7,46.6,1004.9,1
29-03-2023,3,88,25.6,68,14.3,10,73.8,1010.1,0
30-03-2023,3,89,23.4,66.7,28.6,0,39.5,1019.6,0
31-03-2023,3,90,26.6,48,55.3,0,24.2,1013.9,0
01-04-2023,4,91,22.1,57.8,15.2,0,26.3,1021.7,0
02-04-2023,4,92,28.1,55.6,18.4,0,43,1010.3,0
03-04-2023,4,93,31,56.7,22.5,0,52.9,1005,1
04-04-2023,4,94,23.3,60.1,28.4,2.9,91.1,1030.5,1
05-04-2023,4,95,23.2,57.4,,18,77.3,999.6,0
06-04-2023,4,96,29.2,45.1,7.7,0,44.3,1009,0
07-04-2023,4,97,29.8,66.7,16,0,55.7,1015.2,0
08-04-2023,4,98,23.7,51.8,25.9,0,54.4,1020.9,1
09-04-2023,4,99,24.2,62.1,32.5,23.6,81.1,1018.2,1
10-04-2023,4,100,24.9,76.5,11.2,4.4,69.4,1031.5,1
11-04-2023,4,101,21.9,52.3,15.7,0.1,85.5,1012.1,0
12-04-2023,4,102,23.4,39.2,17.1,0,62.4,1006,0
13-04-2023,4,103,23.4,56.9,12.9,0,51.2,1011.2,0
14-04-2023,4,104,24.3,67.8,15.4,0,48.2,1010.4,0
15-04-2023,4,105,26.7,74.4,77.5,0,63.8,1012.5,0
16-04-2023,4,106,27.8,48.7,10.8,0,39.3,1005.1,0
17-04-2023,4,107,31.9,62.3,11.5,0,27.4,1019.3,1
18-04-2023,4,108,24.5,54.3,2.4,16.2,47.3,1016,0
19-04-2023,4,109,30.7,57,2,0,38.1,1002.9,0
20-04-2023,4,110,27.3,78.7,18,0,59.9,1020.7,1
21-04-2023,4,111,28,45.3,26,13.7,63.7,1006.5,0
22-04-2023,4,112,30.4,59.2,22.8,0,53.1,1003.5,0
23-04-2023,4,113,25.2,60.7,6.1,0,42.6,1013.7,0
24-04-2023,4,114,29.9,65.4,21.9,0,42.7,998.9,0
25-04-2023,4,115,29.4,57.3,11.4,0,34.6,1017.7,0
26-04-2023,4,116,30.6,58.8,9.2,0,48.6,990.3,0
27-04-2023,4,117,30.2,52.9,3.5,0,47.4,1004.8,1
28-04-2023,4,118,36.9,58,6.8,15.9,76.2,1025.6,1
29-04-2023,4,119,27.8,52.9,18.3,1.4,74.3,1007.5,1
30-04-2023,4,120,28.3,60.4,15.9,13.4,67,1008.9,1
01-05-2023,5,121,28.2,52.3,14.2,15.4,47.4,1023.2,0
02-05-2023,5,122,28.6,58.1,1,0,66.1,1006.7,0
03-05-2023,5,123,28.5,54.6,14.3,0,48.7,1019.1,1
04-05-2023,5,124,34.2,63.7,7.6,18.7,71.2,1022.4,0
05-05-2023,5,125,35.1,54.1,16,0,74,1016.8,1
06-05-2023,5,126,29.3,40.1,29,6.4,83.6,1001.4,0
07-05-2023,5,127,28.6,64.2,8.6,0,56.7,1008.2,1
08-05-2023,5,128,32.7,46.7,13.5,0.4,70,1034.7,0
09-05-2023,5,129,29.8,48.6,44.5,0,49.8,1009.1,1
10-05-2023,5,130,33.5,48.9,15.4,4.7,73.6,1036.9,0
11-05-2023,5,131,32.4,64.5,12.3,0,56.1,1026.7,0
12-05-2023,5,132,27.4,36.2,6.2,0,75.7,1017.2,0
13-05-2023,5,133,36.7,78.2,22.3,0,87.1,1015.4,0
14-05-2023,5,134,37.6,61.4,5.2,0,54.4,1009.3,1
15-05-2023,5,135,30.5,54.6,29.8,13.1,37.7,1012.3,1
16-05-2023,5,136,31.3,52.2,20.1,0.7,55.7,1007.5,0
17-05-2023,5,137,33.5,54.8,7.9,0,77.2,1012.5,1
18-05-2023,5,138,33.8,56.6,6.4,3.9,80.8,1002.1,0
19-05-2023,5,139,34.9,57.4,6.5,0,56.4,1001.7,0
20-05-2023,5,140,39.1,56.6,2,0,47.5,1023.4,0
21-05-2023,5,141,32.6,52.7,17.6,0,32.2,1000.1,0
22-05-2023,5,142,30.9,50.3,1.2,0,75.2,1020.1,1
23-05-2023,5,143,29.2,50.5,11.7,8.2,57.7,997.8,1
24-05-2023,5,144,31.3,50.1,11.1,0.2,80.9,1018,0
25-05-2023,5,145,33.5,60.6,9.6,0,30.5,1011.3,0
26-05-2023,5,146,39.1,56.1,17.6,0,46.8,1023.6,1
27-05-2023,5,147,32.2,27.8,7.9,2.9,84.9,1010.3,1
28-05-2023,5,148,34.6,56.4,14.3,0.8,66.3,996.9,0
29-05-2023,5,149,33.9,52.6,29.8,0,44.5,1011.5,1
30-05-2023,5,150,37.6,50.8,19.1,7.5,70.2,1014.3,0
31-05-2023,5,151,41.7,47.8,8.9,0,30,1011.9,0
01-06-2023,6,152,32.6,59.8,,0,27.1,1017.6,1
02-06-2023,6,153,32.8,58.3,9.6,1.2,80.7,1008.5,1
03-06-2023,6,154,37.5,44.5,11,7.8,63.7,1002.9,1
04-06-2023,6,155,36.5,53.8,14.7,1.9,80.6,1005,0
05-06-2023,6,156,40.1,42.7,3.3,0,66.8,1008.9,0
06-06-2023,6,157,36.3,39.4,2.5,0,68,1008.8,0
07-06-2023,6,158,33.6,45.4,5.7,0,25.7,1032.2,0
08-06-2023,6,159,36.5,57.2,18.2,0,39.5,1023,0
09-06-2023,6,160,38.1,57.9,20,0,58.1,,1
10-06-2023,6,161,37.2,54.3,22.1,10.3,78.3,1016.6,1
11-06-2023,6,162,36.3,56,5.9,0.6,100,1015.4,0
12-06-2023,6,163,38.1,54.3,13.5,0,36.4,1015.4,1
13-06-2023,6,164,38.4,45,9.1,5.4,87.5,1014.3,1
14-06-2023,6,165,39.1,53.5,11.3,1.4,75.6,1013.3,0
15-06-2023,6,166,36.9,56.5,9,0,25.4,996.3,0
16-06-2023,6,167,34.5,56.1,15.3,0,41.8,1010,0
17-06-2023,6,168,35.4,59.5,,0,53.9,1011.1,0
18-06-2023,6,169,38.6,55.7,27.6,0,24.4,1007,1
19-06-2023,6,170,32.5,52.8,27.8,8.2,38.9,1008.6,0
20-06-2023,6,171,36.1,58.6,17.8,0,23.6,1015.4,1
21-06-2023,6,172,33.8,49.8,25.5,4.5,73.9,1019.1,0
22-06-2023,6,173,35.1,43,3.2,0,42.7,1015.4,0
23-06-2023,6,174,38.8,48.7,28.7,0,40.7,1018.9,1
24-06-2023,6,175,35.5,44.1,16.5,0.3,61.2,1019.1,0
25-06-2023,6,176,35.1,44.6,7.4,0,28.6,1010.6,1
26-06-2023,6,177,30.9,48.9,6.8,14.3,63.2,1017.2,0
27-06-2023,6,178,37.1,43.8,35.4,0,22.7,999,0
28-06-2023,6,179,36.8,47.7,22.4,0,67.8,1009.9,0
29-06-2023,6,180,41.3,35,11.1,0,75.4,1009,0
30-06-2023,6,181,33.9,51.9,3.1,0,15.1,1025.3,1
01-07-2023,7,182,35.4,50.3,,6,63,1015.7,0
02-07-2023,7,183,35.5,43.8,4.6,0,43.9,1002.3,0
03-07-2023,7,184,39.4,55.6,9.3,0,47.4,1017.8,1
04-07-2023,7,185,34.3,57.9,11.1,0.5,85,1020.3,0
05-07-2023,7,186,35.4,37.6,6.7,0,43,1012.3,0
06-07-2023,7,187,36.3,44.4,10.7,0,48.7,1018.5,1
07-07-2023,7,188,35,44.5,12.4,8.5,100,993,0
08-07-2023,7,189,33,43.2,10.5,0,48.3,991.4,1
09-07-2023,7,190,34.9,57.4,15.9,23.8,96.5,1003.6,0
10-07-2023,7,191,37.4,49.3,36.3,0,57.5,1014.2,1
11-07-2023,7,192,31,48.8,3.3,6.1,61.7,1025.3,0
12-07-2023,7,193,34.4,35,14.1,0,39.2,1004,0
13-07-2023,7,194,31.8,56.2,4.6,0,49.9,1006.2,0
14-07-2023,7,195,37.4,41.3,3,0,33.1,1013.7,0
15-07-2023,7,196,29.2,51.8,24.1,0,37,1009.1,0
16-07-2023,7,197,32,53.7,15,0,43.7,1008.6,0
17-07-2023,7,198,34.7,62.4,2.8,0,54.4,1009.6,1
18-07-2023,7,199,38.1,41.2,10.7,1.7,97.4,1023.5,0
19-07-2023,7,200,33.1,27.6,5.7,0,42.7,1021.9,0
20-07-2023,7,201,31.5,53.4,11,0,56.9,1013.2,0
21-07-2023,7,202,38.7,66.5,20.5,0,25.6,1026.2,0
22-07-2023,7,203,28.6,62.1,19,0,65.9,1017.1,0
23-07-2023,7,204,26.2,54,9.1,0,24.2,1022.2,0
24-07-2023,7,205,34,48.5,24.9,0,62,1006.1,0
25-07-2023,7,206,31.1,59.1,31.4,0,48.8,1007.8,1
26-07-2023,7,207,29.4,45,20.7,0.4,68.2,1007.7,0
27-07-2023,7,208,34.4,56.7,7.9,0,45.5,1012.3,0
28-07-2023,7,209,32.9,57.1,11.3,0,30.5,1013.5,0
29-07-2023,7,210,30.3,61.7,35.6,0,31.3,,0
30-07-2023,7,211,28,75.5,9.6,0,62.5,1028.8,1
31-07-2023,7,212,34.3,56.7,19.1,4,70.2,1018.8,0
01-08-2023,8,213,33.5,49.6,6.6,0,45.4,1008.9,0
02-08-2023,8,214,31.1,53.7,25,0,56.7,1013,1
03-08-2023,8,215,36.8,39.9,6,5.7,71.5,1025,0
04-08-2023,8,216,27.8,48.7,11.7,0,38.1,1019.3,1
05-08-2023,8,217,26.3,51.1,18.6,4.9,100,1024.9,0
06-08-2023,8,218,28.6,50.4,40.4,0,61.1,1009.1,1
07-08-2023,8,219,30.4,56,14.8,9.8,71.9,1007.3,0
08-08-2023,8,220,31.1,48.4,10.1,0,42.3,1007.4,0
09-08-2023,8,221,29.4,64.1,9.5,0,64.3,1009.8,0
10-08-2023,8,222,31,55.4,24.3,0,38.2,1004.5,0
11-08-2023,8,223,26,55.5,17.5,0,36.9,1015.4,0
12-08-2023,8,224,33.9,53.1,20.2,0,75.4,1015.5,1
13-08-2023,8,225,29.2,57.2,33.9,1.5,70.5,1023.7,1
14-08-2023,8,226,32.6,62.8,13.1,11.4,58.5,998.9,0
15-08-2023,8,227,30.1,49.5,16.6,0,50.1,1005.4,1
16-08-2023,8,228,30.2,51.3,9.4,23.3,82.8,,0
17-08-2023,8,229,30.3,54.4,6.4,0,59.3,1014.5,0
18-08-2023,8,230,29.8,46.3,7.6,0,64.6,1013.4,0
19-08-2023,8,231,30.2,50.7,0.7,0,31.3,1023.1,0
20-08-2023,8,232,32,53.7,18.5,0,64.2,1004.9,1
21-08-2023,8,233,28.4,64.7,17.1,6.2,67.3,1007.2,0
22-08-2023,8,234,29.7,60,18.2,0,51.3,1006.2,0
23-08-2023,8,235,27.1,59.7,6,0,68.1,996.9,0
24-08-2023,8,236,31.5,65.2,7.7,0,60.5,1014.1,0
25-08-2023,8,237,24.9,57.5,7.5,0,55.3,1008.8,1
26-08-2023,8,238,32.1,62,26.7,6.9,40.2,1007.1,0
27-08-2023,8,239,26.4,58.3,14.4,0,49.3,1005.7,0
28-08-2023,8,240,22,61.5,13,0,38.2,1012.9,0
29-08-2023,8,241,26.4,54.9,21.5,0,60.7,1006.6,1
30-08-2023,8,242,23.8,40.3,7.5,8,84.9,1014.8,0
31-08-2023,8,243,28.1,59,16.4,0,45.5,1016.7,0
01-09-2023,9,244,23.4,71.7,43.9,0,40,1010.6,1
02-09-2023,9,245,23.8,68,29.6,1,93.3,1010.1,0
03-09-2023,9,246,19.3,68.5,16.2,0,41,1014.5,0
04-09-2023,9,247,23.3,70.9,13.4,0,32.1,1012.8,0
05-09-2023,9,248,17.2,62,18.1,0,37.5,1023.6,0
06-09-2023,9,249,19.5,63.1,32.4,0,41.7,1015.5,1
07-09-2023,9,250,26.3,56.9,30.9,0.7,57.1,1021.8,0
08-09-2023,9,251,26.1,59.5,36.1,0,62.7,1017.9,0
09-09-2023,9,252,24.8,67.2,15,0,17,1002.5,0
10-09-2023,9,253,20.4,72.2,1.2,0,36.8,1008.5,0
11-09-2023,9,254,22.9,61.7,41.9,0,49.3,1012.6,0
12-09-2023,9,255,22.8,59.5,6.4,0,53.2,1019.9,1
13-09-2023,9,256,19.1,63.3,21.3,3.1,95.4,1028.4,0
14-09-2023,9,257,26.8,68.4,1.3,0,73.2,1009.1,0
15-09-2023,9,258,24.7,52.3,12.8,0,26,1013.4,0
16-09-2023,9,259,21.2,45.7,9.6,0,21.4,1019.4,0
17-09-2023,9,260,21.7,60,36.1,0,50.4,1012.5,0
18-09-2023,9,261,22,54.8,16.3,0,39.9,1026.2,0
19-09-2023,9,262,15,60.8,12.7,0,32.1,1002.2,1
20-09-2023,9,263,20.1,63.9,17.7,13.3,70.2,1018.4,0
21-09-2023,9,264,18.6,61.8,0.3,0,53.5,1018.3,0
22-09-2023,9,265,17.4,77.3,7.3,0,37.4,1022.2,0
23-09-2023,9,266,19.3,68.5,8.3,0,40.6,1013.5,0
24-09-2023,9,267,25.3,68.6,19.7,0,38.6,1020.1,0
25-09-2023,9,268,21.6,71.4,5.2,0,43.8,1011,0
26-09-2023,9,269,17.7,57.6,14.5,0,58.1,1006.6,0
27-09-2023,9,270,20.9,75.2,,0,33.8,1005.4,0
28-09-2023,9,271,23.2,66.6,7.7,0,40.4,1001.5,0
29-09-2023,9,272,21.5,72.8,8.1,0,44,1009.5,0
30-09-2023,9,273,18.7,59.1,11.7,0,49.9,1015.5,0
01-10-2023,10,274,16.3,55.5,1.8,0,54.1,1011.3,0
02-10-2023,10,275,20.1,74.7,21.7,0,80.6,1014.6,0
03-10-2023,10,276,19,71.5,6.4,0,58.6,1022.9,0
04-10-2023,10,277,20.2,61.5,10.1,0,58.9,1008.9,0
05-10-2023,10,278,19.2,62,35.2,0,46,1031.7,1
06-10-2023,10,279,20.2,78.2,22,1.5,55.3,1019,1
07-10-2023,10,280,15.2,59.9,4.3,7.3,62.1,1011.4,0
08-10-2023,10,281,20.6,82.8,0.2,0,39.3,1011.2,0
09-10-2023,10,282,17,62.7,18.2,0,55.9,1004.9,0
10-10-2023,10,283,22.4,75.3,10.5,0,25.2,1012.8,0
11-10-2023,10,284,13.9,67.8,14.6,0,58.9,995.7,1
12-10-2023,10,285,20.9,75.5,21.5,5.3,68.2,1023,0
13-10-2023,10,286,16.1,66.6,23.9,0,61,990.5,0
14-10-2023,10,287,13.3,69.8,8.9,0,39.1,1013.3,0
15-10-2023,10,288,13.6,71.7,11.5,0,36.5,1003.8,0
16-10-2023,10,289,13.9,63.6,16.7,0,43.9,1007.4,1
17-10-2023,10,290,15.9,77.8,17.5,10,63.5,1008.4,1
18-10-2023,10,291,16,68,14.5,1.7,82.1,1028.4,0
19-10-2023,10,292,12.5,70.5,32.7,0,62,1004.2,0
20-10-2023,10,293,13.9,64.6,17.4,0,78.6,1020.3,0
21-10-2023,10,294,20.2,52.2,21.3,0,42.6,1022.3,1
22-10-2023,10,295,18.8,71.4,15.4,5.1,19.8,994.3,1
23-10-2023,10,296,14.7,92.5,5.1,3.7,63.9,1008.1,0
24-10-2023,10,297,13.3,79.7,7.3,0,53.5,1024.9,0
25-10-2023,10,298,13.3,73.5,4.2,0,60.7,1002.5,0
26-10-2023,10,299,14.6,71.7,25.7,0,54.6,1022.6,1
27-10-2023,10,300,9.5,74.2,2.7,8.8,62.6,1012.9,0
28-10-2023,10,301,11.6,78.6,11.1,0,75.7,1012.5,1
29-10-2023,10,302,7.2,65,9.3,4.9,54.5,1013.6,1
30-10-2023,10,303,13.2,83.5,9.1,1.7,65.9,1015.7,0
31-10-2023,10,304,13.8,80.6,9.8,0,33.8,1005.4,1
01-11-2023,11,305,10.2,80.8,36.8,0.2,70.3,1010.9,1
02-11-2023,11,306,16.2,78.7,1.6,18.2,93.8,1016,0
03-11-2023,11,307,7.6,75.6,30,0,47.9,1014.4,0
04-11-2023,11,308,6.7,81,10.5,0,48,1015.8,0
05-11-2023,11,309,11.6,80.5,22.8,0,24.6,1007.3,0
06-11-2023,11,310,13.9,73.1,13.3,0,45.7,1018.1,1
07-11-2023,11,311,15.7,71.5,4.6,8.2,87.3,1014,1
08-11-2023,11,312,9.1,77.1,31.9,0.6,66.2,1000.4,0
09-11-2023,11,313,13.5,88.9,28.7,0,45.2,1008.7,0
10-11-2023,11,314,10,66.7,4.9,0,66.6,1005.8,0
11-11-2023,11,315,9.5,65,19.2,0,45.3,1005.7,1
12-11-2023,11,316,12.5,78.3,7.6,9.8,89.4,1009.2,0
13-11-2023,11,317,11.7,77.5,2.9,0,30.7,1017.9,1
14-11-2023,11,318,4.8,78.6,6.4,2.4,80.2,1008,0
15-11-2023,11,319,13.9,79.3,30.7,0,74.7,1014.8,0
16-11-2023,11,320,13.4,75.8,23.2,0,65.1,1013.5,0
17-11-2023,11,321,7.3,89.6,9.9,0,22,1006.8,0
18-11-2023,11,322,10.2,65,30.8,0,40.4,1010.2,0
19-11-2023,11,323,10.4,71.3,27.2,0,46.4,1019.9,0
20-11-2023,11,324,9.6,77.2,6.4,0,65.1,1014.2,0
21-11-2023,11,325,7,65.1,35.8,0,30,1017.4,1
22-11-2023,11,326,6.6,76.9,9.2,54.5,54.7,1023.2,0
23-11-2023,11,327,8.4,91.7,10.3,0,25.9,1016.5,1
24-11-2023,11,328,11.9,78.7,1.7,4.1,57.6,997.6,0
25-11-2023,11,329,9.9,80.5,7.5,0,31.2,1015.2,0
26-11-2023,11,330,7,68.7,11.2,0,74,1008.1,0
27-11-2023,11,331,10.4,73.9,15.7,0,40.3,1027.5,0
28-11-2023,11,332,-0.6,76,4.6,0,60.4,1016.2,1
29-11-2023,11,333,11.3,76.5,6.6,19.6,70.3,1008.2,0
30-11-2023,11,334,2.6,89.4,36.4,0,50.1,1017.5,0
01-12-2023,12,335,6.6,83.7,26,0,41.1,1013.7,0
02-12-2023,12,336,4.3,70.4,,0,61.6,999.3,0
03-12-2023,12,337,3.7,81.4,12,0,52.3,1019.9,0
04-12-2023,12,338,11,83.4,16.1,0,51.5,1009.8,0
05-12-2023,12,339,6,88.6,19.5,0,41.1,,1
06-12-2023,12,340,8.4,92.2,36,3.3,63.6,1012,1
07-12-2023,12,341,7.2,71.5,2.8,13.6,78.8,1024.5,0
08-12-2023,12,342,8.7,73.2,8.1,0,53.5,1016.4,0
09-12-2023,12,343,7.5,69.7,15,0,51.9,1020.8,0
10-12-2023,12,344,3.3,77.9,13.4,0,38.7,1009.1,0
11-12-2023,12,345,10.1,83.6,6.6,0,79.2,1015.8,0
12-12-2023,12,346,5.6,87.8,18.3,0,42.8,999.2,0
13-12-2023,12,347,2.4,79.3,8.4,0,49.5,1012,1
14-12-2023,12,348,5.8,77.4,12.6,0.1,67.2,1001.1,1
15-12-2023,12,349,11.5,81.2,17.7,16.4,99.3,1003.9,0
16-12-2023,12,350,9.6,73.3,8.8,0,45.6,1005.9,0
17-12-2023,12,351,6,96.7,21.9,0,44.3,1018.3,0
18-12-2023,12,352,6,67.1,24.7,0,51.8,1011.8,0
19-12-2023,12,353,6,81.5,6.8,0,39.6,1013.3,1
20-12-2023,12,354,13.2,96.2,8.4,5.5,71.7,1011.6,0
21-12-2023,12,355,8.1,80.1,5.3,0,85.6,1021.6,1
22-12-2023,12,356,8.3,78.5,12.4,9.1,74.5,1013,0
23-12-2023,12,357,10.1,77.1,15.7,0,53.9,1015,0
24-12-2023,12,358,7.8,78.5,9.5,0,39.2,,0
25-12-2023,12,359,6.3,90.9,15.4,0,75.6,1022.2,0
26-12-2023,12,360,6.5,62.2,8.2,0,79.1,1022.8,1
27-12-2023,12,361,6.9,92.2,8.4,0.9,82.8,1012.7,0
28-12-2023,12,362,7,68.5,16.3,0,59.8,1008.3,0
29-12-2023,12,363,9.4,77.7,8.9,0,46.5,1000.1,0
30-12-2023,12,364,7.4,76.3,11.9,0,55.9,1006.1,0
31-12-2023,12,365,9.5,84.4,16.7,0,37.5,995.7,0
